
-- MEMBER

INSERT INTO smaccount.MEMBER (member_id, password, role, name, address, phone, enabled, created_at)
VALUES ('user001@test.com','pw1234','ROLE_USER','김민준','서울특별시 강남구 역삼동','010-1000-0001','Y',SYSDATE-100);

INSERT INTO smaccount.MEMBER (member_id, password, role, name, address, phone, enabled, created_at)
VALUES ('user002@test.com','pw1234','ROLE_USER','이서준','서울특별시 송파구 잠실동','010-1000-0002','Y',SYSDATE-99);

INSERT INTO smaccount.MEMBER (member_id, password, role, name, address, phone, enabled, created_at)
VALUES ('user003@test.com','pw1234','ROLE_USER','박지훈','서울특별시 마포구 서교동','010-1000-0003','Y',SYSDATE-98);

INSERT INTO smaccount.MEMBER (member_id, password, role, name, address, phone, enabled, created_at)
VALUES ('user004@test.com','pw1234','ROLE_USER','최서연','경기도 성남시 분당구','010-1000-0004','Y',SYSDATE-97);

INSERT INTO smaccount.MEMBER (member_id, password, role, name, address, phone, enabled, created_at)
VALUES ('user005@test.com','pw1234','ROLE_USER','정하준','경기도 용인시 수지구','010-1000-0005','Y',SYSDATE-96);

INSERT INTO smaccount.MEMBER (member_id, password, role, name, address, phone, enabled, created_at)
VALUES ('user006@test.com','pw1234','ROLE_USER','강지우','경기도 수원시 영통구','010-1000-0006','Y',SYSDATE-95);

INSERT INTO smaccount.MEMBER (member_id, password, role, name, address, phone, enabled, created_at)
VALUES ('user007@test.com','pw1234','ROLE_USER','윤서아','경기도 고양시 일산동구','010-1000-0007','Y',SYSDATE-94);

INSERT INTO smaccount.MEMBER (member_id, password, role, name, address, phone, enabled, created_at)
VALUES ('user008@test.com','pw1234','ROLE_USER','한도윤','부산광역시 해운대구','010-1000-0008','Y',SYSDATE-93);

INSERT INTO smaccount.MEMBER (member_id, password, role, name, address, phone, enabled, created_at)
VALUES ('user009@test.com','pw1234','ROLE_USER','서유진','대구광역시 수성구','010-1000-0009','Y',SYSDATE-92);

INSERT INTO smaccount.MEMBER (member_id, password, role, name, address, phone, enabled, created_at)
VALUES ('user010@test.com','pw1234','ROLE_USER','노주원','인천광역시 연수구','010-1000-0010','Y',SYSDATE-91);

INSERT INTO smaccount.MEMBER (member_id, password, role, name, address, phone, enabled, created_at)
VALUES ('user011@test.com','pw1234','ROLE_USER','안지호','광주광역시 동구','010-1000-0011','Y',SYSDATE-90);

INSERT INTO smaccount.MEMBER (member_id, password, role, name, address, phone, enabled, created_at)
VALUES ('user012@test.com','pw1234','ROLE_USER','송예은','대전광역시 유성구','010-1000-0012','Y',SYSDATE-89);

INSERT INTO smaccount.MEMBER (member_id, password, role, name, address, phone, enabled, created_at)
VALUES ('user013@test.com','pw1234','ROLE_USER','백하람','울산광역시 남구','010-1000-0013','Y',SYSDATE-88);

INSERT INTO smaccount.MEMBER (member_id, password, role, name, address, phone, enabled, created_at)
VALUES ('user014@test.com','pw1234','ROLE_USER','문서윤','강원도 춘천시','010-1000-0014','Y',SYSDATE-87);

INSERT INTO smaccount.MEMBER (member_id, password, role, name, address, phone, enabled, created_at)
VALUES ('user015@test.com','pw1234','ROLE_USER','황도경','제주특별자치도 제주시','010-1000-0015','Y',SYSDATE-86);

INSERT INTO smaccount.MEMBER (member_id, password, role, name, address, phone, enabled, created_at)
VALUES ('user016@test.com','pw1234','ROLE_USER','서하율','서울특별시 강남구 역삼동','010-1000-0016','Y',SYSDATE-85);

INSERT INTO smaccount.MEMBER (member_id, password, role, name, address, phone, enabled, created_at)
VALUES ('user017@test.com','pw1234','ROLE_USER','홍서진','서울특별시 송파구 잠실동','010-1000-0017','Y',SYSDATE-84);

INSERT INTO smaccount.MEMBER (member_id, password, role, name, address, phone, enabled, created_at)
VALUES ('user018@test.com','pw1234','ROLE_USER','조아린','서울특별시 마포구 서교동','010-1000-0018','Y',SYSDATE-83);

INSERT INTO smaccount.MEMBER (member_id, password, role, name, address, phone, enabled, created_at)
VALUES ('user019@test.com','pw1234','ROLE_USER','오태윤','경기도 성남시 분당구','010-1000-0019','Y',SYSDATE-82);

INSERT INTO smaccount.MEMBER (member_id, password, role, name, address, phone, enabled, created_at)
VALUES ('user020@test.com','pw1234','ROLE_USER','배다온','경기도 용인시 수지구','010-1000-0020','Y',SYSDATE-81);

INSERT INTO smaccount.MEMBER (member_id, password, role, name, address, phone, enabled, created_at)
VALUES ('user021@test.com','pw1234','ROLE_USER','김은채','경기도 수원시 영통구','010-1000-0021','Y',SYSDATE-80);

INSERT INTO smaccount.MEMBER (member_id, password, role, name, address, phone, enabled, created_at)
VALUES ('user022@test.com','pw1234','ROLE_USER','최예준','경기도 고양시 일산동구','010-1000-0022','Y',SYSDATE-79);

INSERT INTO smaccount.MEMBER (member_id, password, role, name, address, phone, enabled, created_at)
VALUES ('user023@test.com','pw1234','ROLE_USER','이하린','부산광역시 해운대구','010-1000-0023','Y',SYSDATE-78);

INSERT INTO smaccount.MEMBER (member_id, password, role, name, address, phone, enabled, created_at)
VALUES ('user024@test.com','pw1234','ROLE_USER','박시우','대구광역시 수성구','010-1000-0024','Y',SYSDATE-77);

INSERT INTO smaccount.MEMBER (member_id, password, role, name, address, phone, enabled, created_at)
VALUES ('user025@test.com','pw1234','ROLE_USER','정민지','인천광역시 연수구','010-1000-0025','Y',SYSDATE-76);

INSERT INTO smaccount.MEMBER (member_id, password, role, name, address, phone, enabled, created_at)
VALUES ('user026@test.com','pw1234','ROLE_USER','권서연','광주광역시 동구','010-1000-0026','Y',SYSDATE-75);

INSERT INTO smaccount.MEMBER (member_id, password, role, name, address, phone, enabled, created_at)
VALUES ('user027@test.com','pw1234','ROLE_USER','김도영','대전광역시 유성구','010-1000-0027','Y',SYSDATE-74);

INSERT INTO smaccount.MEMBER (member_id, password, role, name, address, phone, enabled, created_at)
VALUES ('user028@test.com','pw1234','ROLE_USER','박나윤','울산광역시 남구','010-1000-0028','Y',SYSDATE-73);

INSERT INTO smaccount.MEMBER (member_id, password, role, name, address, phone, enabled, created_at)
VALUES ('user029@test.com','pw1234','ROLE_USER','이시현','강원도 춘천시','010-1000-0029','Y',SYSDATE-72);

INSERT INTO smaccount.MEMBER (member_id, password, role, name, address, phone, enabled, created_at)
VALUES ('user030@test.com','pw1234','ROLE_USER','최예담','제주특별자치도 제주시','010-1000-0030','Y',SYSDATE-71);

INSERT INTO smaccount.MEMBER (member_id, password, role, name, address, phone, enabled, created_at)
VALUES ('user031@test.com','pw1234','ROLE_USER','김하린','서울특별시 강남구 역삼동','010-1000-0031','Y',SYSDATE-70);

INSERT INTO smaccount.MEMBER (member_id, password, role, name, address, phone, enabled, created_at)
VALUES ('user032@test.com','pw1234','ROLE_USER','이도윤','서울특별시 송파구 잠실동','010-1000-0032','Y',SYSDATE-69);

INSERT INTO smaccount.MEMBER (member_id, password, role, name, address, phone, enabled, created_at)
VALUES ('user033@test.com','pw1234','ROLE_USER','박서우','서울특별시 마포구 서교동','010-1000-0033','Y',SYSDATE-68);

INSERT INTO smaccount.MEMBER (member_id, password, role, name, address, phone, enabled, created_at)
VALUES ('user034@test.com','pw1234','ROLE_USER','최하늘','경기도 성남시 분당구','010-1000-0034','Y',SYSDATE-67);

INSERT INTO smaccount.MEMBER (member_id, password, role, name, address, phone, enabled, created_at)
VALUES ('user035@test.com','pw1234','ROLE_USER','정시온','경기도 용인시 수지구','010-1000-0035','Y',SYSDATE-66);

INSERT INTO smaccount.MEMBER (member_id, password, role, name, address, phone, enabled, created_at)
VALUES ('user036@test.com','pw1234','ROLE_USER','강하준','경기도 수원시 영통구','010-1000-0036','Y',SYSDATE-65);

INSERT INTO smaccount.MEMBER (member_id, password, role, name, address, phone, enabled, created_at)
VALUES ('user037@test.com','pw1234','ROLE_USER','윤채원','경기도 고양시 일산동구','010-1000-0037','Y',SYSDATE-64);

INSERT INTO smaccount.MEMBER (member_id, password, role, name, address, phone, enabled, created_at)
VALUES ('user038@test.com','pw1234','ROLE_USER','한서준','부산광역시 해운대구','010-1000-0038','Y',SYSDATE-63);

INSERT INTO smaccount.MEMBER (member_id, password, role, name, address, phone, enabled, created_at)
VALUES ('user039@test.com','pw1234','ROLE_USER','서다인','대구광역시 수성구','010-1000-0039','Y',SYSDATE-62);

INSERT INTO smaccount.MEMBER (member_id, password, role, name, address, phone, enabled, created_at)
VALUES ('user040@test.com','pw1234','ROLE_USER','노하율','인천광역시 연수구','010-1000-0040','Y',SYSDATE-61);

INSERT INTO smaccount.MEMBER (member_id, password, role, name, address, phone, enabled, created_at)
VALUES ('user041@test.com','pw1234','ROLE_USER','안유나','광주광역시 동구','010-1000-0041','Y',SYSDATE-60);

INSERT INTO smaccount.MEMBER (member_id, password, role, name, address, phone, enabled, created_at)
VALUES ('user042@test.com','pw1234','ROLE_USER','송지호','대전광역시 유성구','010-1000-0042','Y',SYSDATE-59);

INSERT INTO smaccount.MEMBER (member_id, password, role, name, address, phone, enabled, created_at)
VALUES ('user043@test.com','pw1234','ROLE_USER','백예진','울산광역시 남구','010-1000-0043','Y',SYSDATE-58);

INSERT INTO smaccount.MEMBER (member_id, password, role, name, address, phone, enabled, created_at)
VALUES ('user044@test.com','pw1234','ROLE_USER','문도윤','강원도 춘천시','010-1000-0044','Y',SYSDATE-57);

INSERT INTO smaccount.MEMBER (member_id, password, role, name, address, phone, enabled, created_at)
VALUES ('user045@test.com','pw1234','ROLE_USER','황서아','제주특별자치도 제주시','010-1000-0045','Y',SYSDATE-56);

INSERT INTO smaccount.MEMBER (member_id, password, role, name, address, phone, enabled, created_at)
VALUES ('user046@test.com','pw1234','ROLE_USER','서민준','서울특별시 강남구 역삼동','010-1000-0046','Y',SYSDATE-55);

INSERT INTO smaccount.MEMBER (member_id, password, role, name, address, phone, enabled, created_at)
VALUES ('user047@test.com','pw1234','ROLE_USER','홍하린','서울특별시 송파구 잠실동','010-1000-0047','Y',SYSDATE-54);

INSERT INTO smaccount.MEMBER (member_id, password, role, name, address, phone, enabled, created_at)
VALUES ('user048@test.com','pw1234','ROLE_USER','조예담','서울특별시 마포구 서교동','010-1000-0048','Y',SYSDATE-53);

INSERT INTO smaccount.MEMBER (member_id, password, role, name, address, phone, enabled, created_at)
VALUES ('user049@test.com','pw1234','ROLE_USER','오시온','경기도 성남시 분당구','010-1000-0049','Y',SYSDATE-52);

INSERT INTO smaccount.MEMBER (member_id, password, role, name, address, phone, enabled, created_at)
VALUES ('user050@test.com','pw1234','ROLE_USER','배지우','경기도 용인시 수지구','010-1000-0050','Y',SYSDATE-51);

INSERT INTO smaccount.MEMBER (member_id, password, role, name, address, phone, enabled, created_at)
VALUES ('user051@test.com','pw1234','ROLE_USER','김지후','경기도 수원시 영통구','010-1000-0051','Y',SYSDATE-50);

INSERT INTO smaccount.MEMBER (member_id, password, role, name, address, phone, enabled, created_at)
VALUES ('user052@test.com','pw1234','ROLE_USER','이하율','경기도 고양시 일산동구','010-1000-0052','Y',SYSDATE-49);

INSERT INTO smaccount.MEMBER (member_id, password, role, name, address, phone, enabled, created_at)
VALUES ('user053@test.com','pw1234','ROLE_USER','박도윤','부산광역시 해운대구','010-1000-0053','Y',SYSDATE-48);

INSERT INTO smaccount.MEMBER (member_id, password, role, name, address, phone, enabled, created_at)
VALUES ('user054@test.com','pw1234','ROLE_USER','최민재','대구광역시 수성구','010-1000-0054','Y',SYSDATE-47);

INSERT INTO smaccount.MEMBER (member_id, password, role, name, address, phone, enabled, created_at)
VALUES ('user055@test.com','pw1234','ROLE_USER','정채원','인천광역시 연수구','010-1000-0055','Y',SYSDATE-46);

INSERT INTO smaccount.MEMBER (member_id, password, role, name, address, phone, enabled, created_at)
VALUES ('user056@test.com','pw1234','ROLE_USER','강시윤','광주광역시 동구','010-1000-0056','Y',SYSDATE-45);

INSERT INTO smaccount.MEMBER (member_id, password, role, name, address, phone, enabled, created_at)
VALUES ('user057@test.com','pw1234','ROLE_USER','윤하윤','대전광역시 유성구','010-1000-0057','Y',SYSDATE-44);

INSERT INTO smaccount.MEMBER (member_id, password, role, name, address, phone, enabled, created_at)
VALUES ('user058@test.com','pw1234','ROLE_USER','한지호','울산광역시 남구','010-1000-0058','Y',SYSDATE-43);

INSERT INTO smaccount.MEMBER (member_id, password, role, name, address, phone, enabled, created_at)
VALUES ('user059@test.com','pw1234','ROLE_USER','서예린','강원도 춘천시','010-1000-0059','Y',SYSDATE-42);

INSERT INTO smaccount.MEMBER (member_id, password, role, name, address, phone, enabled, created_at)
VALUES ('user060@test.com','pw1234','ROLE_USER','노도경','제주특별자치도 제주시','010-1000-0060','Y',SYSDATE-41);

INSERT INTO smaccount.MEMBER (member_id, password, role, name, address, phone, enabled, created_at)
VALUES ('user061@test.com','pw1234','ROLE_USER','안하준','서울특별시 강남구 역삼동','010-1000-0061','Y',SYSDATE-40);

INSERT INTO smaccount.MEMBER (member_id, password, role, name, address, phone, enabled, created_at)
VALUES ('user062@test.com','pw1234','ROLE_USER','송서우','서울특별시 송파구 잠실동','010-1000-0062','Y',SYSDATE-39);

INSERT INTO smaccount.MEMBER (member_id, password, role, name, address, phone, enabled, created_at)
VALUES ('user063@test.com','pw1234','ROLE_USER','백시윤','서울특별시 마포구 서교동','010-1000-0063','Y',SYSDATE-38);

INSERT INTO smaccount.MEMBER (member_id, password, role, name, address, phone, enabled, created_at)
VALUES ('user064@test.com','pw1234','ROLE_USER','문하율','경기도 성남시 분당구','010-1000-0064','Y',SYSDATE-37);

INSERT INTO smaccount.MEMBER (member_id, password, role, name, address, phone, enabled, created_at)
VALUES ('user065@test.com','pw1234','ROLE_USER','황도윤','경기도 용인시 수지구','010-1000-0065','Y',SYSDATE-36);

INSERT INTO smaccount.MEMBER (member_id, password, role, name, address, phone, enabled, created_at)
VALUES ('user066@test.com','pw1234','ROLE_USER','서유나','경기도 수원시 영통구','010-1000-0066','Y',SYSDATE-35);

INSERT INTO smaccount.MEMBER (member_id, password, role, name, address, phone, enabled, created_at)
VALUES ('user067@test.com','pw1234','ROLE_USER','홍민재','경기도 고양시 일산동구','010-1000-0067','Y',SYSDATE-34);

INSERT INTO smaccount.MEMBER (member_id, password, role, name, address, phone, enabled, created_at)
VALUES ('user068@test.com','pw1234','ROLE_USER','조지후','부산광역시 해운대구','010-1000-0068','Y',SYSDATE-33);

INSERT INTO smaccount.MEMBER (member_id, password, role, name, address, phone, enabled, created_at)
VALUES ('user069@test.com','pw1234','ROLE_USER','오하린','대구광역시 수성구','010-1000-0069','Y',SYSDATE-32);

INSERT INTO smaccount.MEMBER (member_id, password, role, name, address, phone, enabled, created_at)
VALUES ('user070@test.com','pw1234','ROLE_USER','배현우','인천광역시 연수구','010-1000-0070','Y',SYSDATE-31);

INSERT INTO smaccount.MEMBER (member_id, password, role, name, address, phone, enabled, created_at)
VALUES ('user071@test.com','pw1234','ROLE_USER','김연우','광주광역시 동구','010-1000-0071','Y',SYSDATE-30);

INSERT INTO smaccount.MEMBER (member_id, password, role, name, address, phone, enabled, created_at)
VALUES ('user072@test.com','pw1234','ROLE_USER','이서현','대전광역시 유성구','010-1000-0072','Y',SYSDATE-29);

INSERT INTO smaccount.MEMBER (member_id, password, role, name, address, phone, enabled, created_at)
VALUES ('user073@test.com','pw1234','ROLE_USER','박하은','울산광역시 남구','010-1000-0073','Y',SYSDATE-28);

INSERT INTO smaccount.MEMBER (member_id, password, role, name, address, phone, enabled, created_at)
VALUES ('user074@test.com','pw1234','ROLE_USER','최지호','강원도 춘천시','010-1000-0074','Y',SYSDATE-27);

INSERT INTO smaccount.MEMBER (member_id, password, role, name, address, phone, enabled, created_at)
VALUES ('user075@test.com','pw1234','ROLE_USER','정예린','제주특별자치도 제주시','010-1000-0075','Y',SYSDATE-26);

INSERT INTO smaccount.MEMBER (member_id, password, role, name, address, phone, enabled, created_at)
VALUES ('user076@test.com','pw1234','ROLE_USER','강도현','서울특별시 강남구 역삼동','010-1000-0076','Y',SYSDATE-25);

INSERT INTO smaccount.MEMBER (member_id, password, role, name, address, phone, enabled, created_at)
VALUES ('user077@test.com','pw1234','ROLE_USER','윤서율','서울특별시 송파구 잠실동','010-1000-0077','Y',SYSDATE-24);

INSERT INTO smaccount.MEMBER (member_id, password, role, name, address, phone, enabled, created_at)
VALUES ('user078@test.com','pw1234','ROLE_USER','한지우','서울특별시 마포구 서교동','010-1000-0078','Y',SYSDATE-23);

INSERT INTO smaccount.MEMBER (member_id, password, role, name, address, phone, enabled, created_at)
VALUES ('user079@test.com','pw1234','ROLE_USER','서은우','경기도 성남시 분당구','010-1000-0079','Y',SYSDATE-22);

INSERT INTO smaccount.MEMBER (member_id, password, role, name, address, phone, enabled, created_at)
VALUES ('user080@test.com','pw1234','ROLE_USER','노민지','경기도 용인시 수지구','010-1000-0080','Y',SYSDATE-21);


-- SELLER
INSERT INTO smaccount.MEMBER (member_id, password, role, name, address, phone, enabled, created_at)
VALUES ('user081@test.com','pw1234','ROLE_SELLER','안지후','경기도 수원시 영통구','010-1000-0081','Y',SYSDATE-20);

INSERT INTO smaccount.MEMBER (member_id, password, role, name, address, phone, enabled, created_at)
VALUES ('user082@test.com','pw1234','ROLE_SELLER','송하윤','경기도 고양시 일산동구','010-1000-0082','Y',SYSDATE-19);

INSERT INTO smaccount.MEMBER (member_id, password, role, name, address, phone, enabled, created_at)
VALUES ('user083@test.com','pw1234','ROLE_SELLER','백도현','부산광역시 해운대구','010-1000-0083','Y',SYSDATE-18);

INSERT INTO smaccount.MEMBER (member_id, password, role, name, address, phone, enabled, created_at)
VALUES ('user084@test.com','pw1234','ROLE_SELLER','문서우','대구광역시 수성구','010-1000-0084','Y',SYSDATE-17);

INSERT INTO smaccount.MEMBER (member_id, password, role, name, address, phone, enabled, created_at)
VALUES ('user085@test.com','pw1234','ROLE_SELLER','황지후','인천광역시 연수구','010-1000-0085','Y',SYSDATE-16);

INSERT INTO smaccount.MEMBER (member_id, password, role, name, address, phone, enabled, created_at)
VALUES ('user086@test.com','pw1234','ROLE_SELLER','서연우','광주광역시 동구','010-1000-0086','Y',SYSDATE-15);

INSERT INTO smaccount.MEMBER (member_id, password, role, name, address, phone, enabled, created_at)
VALUES ('user087@test.com','pw1234','ROLE_SELLER','홍하은','대전광역시 유성구','010-1000-0087','Y',SYSDATE-14);

INSERT INTO smaccount.MEMBER (member_id, password, role, name, address, phone, enabled, created_at)
VALUES ('user088@test.com','pw1234','ROLE_SELLER','조민서','울산광역시 남구','010-1000-0088','Y',SYSDATE-13);

INSERT INTO smaccount.MEMBER (member_id, password, role, name, address, phone, enabled, created_at)
VALUES ('user089@test.com','pw1234','ROLE_SELLER','오도윤','강원도 춘천시','010-1000-0089','Y',SYSDATE-12);

INSERT INTO smaccount.MEMBER (member_id, password, role, name, address, phone, enabled, created_at)
VALUES ('user090@test.com','pw1234','ROLE_SELLER','배서율','제주특별자치도 제주시','010-1000-0090','Y',SYSDATE-11);

INSERT INTO smaccount.MEMBER (member_id, password, role, name, address, phone, enabled, created_at)
VALUES ('user091@test.com','pw1234','ROLE_SELLER','김민서','서울특별시 강남구 역삼동','010-1000-0091','Y',SYSDATE-10);

INSERT INTO smaccount.MEMBER (member_id, password, role, name, address, phone, enabled, created_at)
VALUES ('user092@test.com','pw1234','ROLE_SELLER','이하준','서울특별시 송파구 잠실동','010-1000-0092','Y',SYSDATE-9);

INSERT INTO smaccount.MEMBER (member_id, password, role, name, address, phone, enabled, created_at)
VALUES ('user093@test.com','pw1234','ROLE_SELLER','박서하','서울특별시 마포구 서교동','010-1000-0093','Y',SYSDATE-8);

INSERT INTO smaccount.MEMBER (member_id, password, role, name, address, phone, enabled, created_at)
VALUES ('user094@test.com','pw1234','ROLE_SELLER','최도윤','경기도 성남시 분당구','010-1000-0094','Y',SYSDATE-7);

INSERT INTO smaccount.MEMBER (member_id, password, role, name, address, phone, enabled, created_at)
VALUES ('user095@test.com','pw1234','ROLE_SELLER','정도현','경기도 용인시 수지구','010-1000-0095','Y',SYSDATE-6);


-- ADMIN
INSERT INTO smaccount.MEMBER (member_id, password, role, name, address, phone, enabled, created_at)
VALUES ('user096@test.com','pw1234','ROLE_ADMIN','강민지','경기도 수원시 영통구','010-1000-0096','Y',SYSDATE-5);

INSERT INTO smaccount.MEMBER (member_id, password, role, name, address, phone, enabled, created_at)
VALUES ('user097@test.com','pw1234','ROLE_ADMIN','윤우진','경기도 고양시 일산동구','010-1000-0097','Y',SYSDATE-4);

INSERT INTO smaccount.MEMBER (member_id, password, role, name, address, phone, enabled, created_at)
VALUES ('user098@test.com','pw1234','ROLE_ADMIN','한은서','부산광역시 해운대구','010-1000-0098','Y',SYSDATE-3);

INSERT INTO smaccount.MEMBER (member_id, password, role, name, address, phone, enabled, created_at)
VALUES ('user099@test.com','pw1234','ROLE_ADMIN','서지호','대구광역시 수성구','010-1000-0099','Y',SYSDATE-2);

INSERT INTO smaccount.MEMBER (member_id, password, role, name, address, phone, enabled, created_at)
VALUES ('user100@test.com','pw1234','ROLE_ADMIN','노하은','인천광역시 연수구','010-1000-0100','Y',SYSDATE-1);
commit;


-- GROUP

INSERT INTO smaccount.BUDGET_GROUP (group_id, name, owner_id, created_at)
VALUES (1, '그룹01', 'user001@test.com', SYSTIMESTAMP-10);

INSERT INTO smaccount.BUDGET_GROUP (group_id, name, owner_id, created_at)
VALUES (2, '그룹02', 'user002@test.com', SYSTIMESTAMP-9);

INSERT INTO smaccount.BUDGET_GROUP (group_id, name, owner_id, created_at)
VALUES (3, '그룹03', 'user003@test.com', SYSTIMESTAMP-8);

INSERT INTO smaccount.BUDGET_GROUP (group_id, name, owner_id, created_at)
VALUES (4, '그룹04', 'user004@test.com', SYSTIMESTAMP-7);

INSERT INTO smaccount.BUDGET_GROUP (group_id, name, owner_id, created_at)
VALUES (5, '그룹05', 'user005@test.com', SYSTIMESTAMP-6);

INSERT INTO smaccount.BUDGET_GROUP (group_id, name, owner_id, created_at)
VALUES (6, '그룹06', 'user006@test.com', SYSTIMESTAMP-5);

INSERT INTO smaccount.BUDGET_GROUP (group_id, name, owner_id, created_at)
VALUES (7, '그룹07', 'user007@test.com', SYSTIMESTAMP-4);

INSERT INTO smaccount.BUDGET_GROUP (group_id, name, owner_id, created_at)
VALUES (8, '그룹08', 'user008@test.com', SYSTIMESTAMP-3);

INSERT INTO smaccount.BUDGET_GROUP (group_id, name, owner_id, created_at)
VALUES (9, '그룹09', 'user009@test.com', SYSTIMESTAMP-2);

INSERT INTO smaccount.BUDGET_GROUP (group_id, name, owner_id, created_at)
VALUES (10, '그룹10', 'user010@test.com', SYSTIMESTAMP-1);
commit;


-- GROUP_MEMBER

INSERT INTO smaccount.GROUP_MEMBER (group_member_id, group_id, member_id, role)
VALUES (1, 1, 'user001@test.com', 'USER');

INSERT INTO smaccount.GROUP_MEMBER (group_member_id, group_id, member_id, role)
VALUES (2, 2, 'user002@test.com', 'USER');

INSERT INTO smaccount.GROUP_MEMBER (group_member_id, group_id, member_id, role)
VALUES (3, 3, 'user003@test.com', 'USER');

INSERT INTO smaccount.GROUP_MEMBER (group_member_id, group_id, member_id, role)
VALUES (4, 4, 'user004@test.com', 'USER');

INSERT INTO smaccount.GROUP_MEMBER (group_member_id, group_id, member_id, role)
VALUES (5, 5, 'user005@test.com', 'USER');

INSERT INTO smaccount.GROUP_MEMBER (group_member_id, group_id, member_id, role)
VALUES (6, 6, 'user006@test.com', 'USER');

INSERT INTO smaccount.GROUP_MEMBER (group_member_id, group_id, member_id, role)
VALUES (7, 7, 'user007@test.com', 'USER');

INSERT INTO smaccount.GROUP_MEMBER (group_member_id, group_id, member_id, role)
VALUES (8, 8, 'user008@test.com', 'USER');

INSERT INTO smaccount.GROUP_MEMBER (group_member_id, group_id, member_id, role)
VALUES (9, 9, 'user009@test.com', 'USER');

INSERT INTO smaccount.GROUP_MEMBER (group_member_id, group_id, member_id, role)
VALUES (10, 10, 'user010@test.com', 'USER');

commit;


-- CATEGORY

INSERT INTO smaccount.CATEGORY (category_id, name) VALUES ('ALLOWANCE', '용돈');
INSERT INTO smaccount.CATEGORY (category_id, name) VALUES ('FOOD', '식비');
INSERT INTO smaccount.CATEGORY (category_id, name) VALUES ('TRANSPORT', '교통비');
INSERT INTO smaccount.CATEGORY (category_id, name) VALUES ('UTILITY', '공과금');
INSERT INTO smaccount.CATEGORY (category_id, name) VALUES ('HOUSING', '주거비');
INSERT INTO smaccount.CATEGORY (category_id, name) VALUES ('HOSPITAL', '병원비');
INSERT INTO smaccount.CATEGORY (category_id, name) VALUES ('SHOPPING', '쇼핑');
INSERT INTO smaccount.CATEGORY (category_id, name) VALUES ('CAFE_SNACK', '카페/간식');
INSERT INTO smaccount.CATEGORY (category_id, name) VALUES ('EDUCATION', '교육비');
INSERT INTO smaccount.CATEGORY (category_id, name) VALUES ('INSURANCE', '보험료');
INSERT INTO smaccount.CATEGORY (category_id, name) VALUES ('SAVING_INVEST', '적금/투자');
INSERT INTO smaccount.CATEGORY (category_id, name) VALUES ('EVENT', '경조사');
INSERT INTO smaccount.CATEGORY (category_id, name) VALUES ('KIDS', '아이용품');
INSERT INTO smaccount.CATEGORY (category_id, name) VALUES ('SUBSCRIPTION', '구독서비스');
INSERT INTO smaccount.CATEGORY (category_id, name) VALUES ('ETC', '기타');

commit;

-- SUB
INSERT INTO smaccount.SUB_CATEGORY (sub_id, name, category_id) VALUES ('GROCERIES', '장보기', 'FOOD');
INSERT INTO smaccount.SUB_CATEGORY (sub_id, name, category_id) VALUES ('DELIVERY', '배달', 'FOOD');
INSERT INTO smaccount.SUB_CATEGORY (sub_id, name, category_id) VALUES ('RESTAURANT', '외식', 'FOOD');
INSERT INTO smaccount.SUB_CATEGORY (sub_id, name, category_id) VALUES ('CAFE', '카페', 'FOOD');
INSERT INTO smaccount.SUB_CATEGORY (sub_id, name, category_id) VALUES ('BUS', '버스', 'TRANSPORT');
INSERT INTO smaccount.SUB_CATEGORY (sub_id, name, category_id) VALUES ('METRO', '지하철', 'TRANSPORT');
INSERT INTO smaccount.SUB_CATEGORY (sub_id, name, category_id) VALUES ('TAXI', '택시', 'TRANSPORT');
INSERT INTO smaccount.SUB_CATEGORY (sub_id, name, category_id) VALUES ('FUEL', '주유', 'TRANSPORT');
INSERT INTO smaccount.SUB_CATEGORY (sub_id, name, category_id) VALUES ('CLOTHES', '의류', 'SHOPPING');
INSERT INTO smaccount.SUB_CATEGORY (sub_id, name, category_id) VALUES ('BEAUTY', '화장품', 'SHOPPING');
INSERT INTO smaccount.SUB_CATEGORY (sub_id, name, category_id) VALUES ('ELECTRONICS', '전자기기', 'SHOPPING');
INSERT INTO smaccount.SUB_CATEGORY (sub_id, name, category_id) VALUES ('RENT', '월세', 'HOUSING');
INSERT INTO smaccount.SUB_CATEGORY (sub_id, name, category_id) VALUES ('MAINTENANCE', '관리비', 'HOUSING');
INSERT INTO smaccount.SUB_CATEGORY (sub_id, name, category_id) VALUES ('REPAIRS', '수리', 'HOUSING');
INSERT INTO smaccount.SUB_CATEGORY (sub_id, name, category_id) VALUES ('CLINIC', '병원', 'HOSPITAL');
INSERT INTO smaccount.SUB_CATEGORY (sub_id, name, category_id) VALUES ('PHARMACY', '약국', 'HOSPITAL');
INSERT INTO smaccount.SUB_CATEGORY (sub_id, name, category_id) VALUES ('TEST', '검사비', 'HOSPITAL');
INSERT INTO smaccount.SUB_CATEGORY (sub_id, name, category_id) VALUES ('ACADEMY', '학원', 'EDUCATION');
INSERT INTO smaccount.SUB_CATEGORY (sub_id, name, category_id) VALUES ('BOOK', '교재', 'EDUCATION');
INSERT INTO smaccount.SUB_CATEGORY (sub_id, name, category_id) VALUES ('ONLINE', '온라인강의', 'EDUCATION');
INSERT INTO smaccount.SUB_CATEGORY (sub_id, name, category_id) VALUES ('SAVING', '적금', 'SAVING_INVEST');
INSERT INTO smaccount.SUB_CATEGORY (sub_id, name, category_id) VALUES ('STOCK', '주식', 'SAVING_INVEST');
INSERT INTO smaccount.SUB_CATEGORY (sub_id, name, category_id) VALUES ('FUND', '펀드', 'SAVING_INVEST');
INSERT INTO smaccount.SUB_CATEGORY (sub_id, name, category_id) VALUES ('CRYPTO', '코인', 'SAVING_INVEST');
INSERT INTO smaccount.SUB_CATEGORY (sub_id, name, category_id) VALUES ('HOBBY', '취미', 'ETC');
INSERT INTO smaccount.SUB_CATEGORY (sub_id, name, category_id) VALUES ('TRAVEL', '여행', 'ETC');
INSERT INTO smaccount.SUB_CATEGORY (sub_id, name, category_id) VALUES ('PETS', '반려동물', 'ETC');
INSERT INTO smaccount.SUB_CATEGORY (sub_id, name, category_id) VALUES ('GIFTS', '선물', 'ETC');
commit ;



-- 1. 수입 - 용돈 (user01이 받은 용돈)
INSERT INTO smaccount.LEDGER_ENTRY (
    entry_id, group_id, member_id, type, pay_type,
    category_id, amount, occurred_at, memo
) VALUES (
             smaccount.SEQ_ENTRY.NEXTVAL,
             1,
             'user001@test.com',
             'IN',
             'CASH',
             (SELECT category_id FROM smaccount.CATEGORY
              WHERE name = '용돈'),
             100000,
             DATE '2025-11-01',
             '엄마가 준 용돈'
         );

-- 2. 지출 - 용돈 (user01이 동생에게 준 용돈)
INSERT INTO smaccount.LEDGER_ENTRY (
    entry_id, group_id, member_id, type, pay_type,
    category_id, amount, occurred_at, memo
) VALUES (
             smaccount.SEQ_ENTRY.NEXTVAL,
             1,
             'user001@test.com',
             'OUT',
             'CASH',
             (SELECT category_id FROM smaccount.CATEGORY
              WHERE name = '용돈'),
             20000,
             DATE '2025-11-02',
             '동생 용돈'
         );

-- 3. 지출 - 식비 (점심)
INSERT INTO smaccount.LEDGER_ENTRY (
    entry_id, group_id, member_id, type, pay_type,
    category_id, amount, occurred_at, memo
) VALUES (
             smaccount.SEQ_ENTRY.NEXTVAL,
             1,
             'user001@test.com',
             'OUT',
             'CARD',
             (SELECT category_id FROM smaccount.CATEGORY
              WHERE name = '식비'),
             8500,
             DATE '2025-11-02',
             '회사 점심'
         );

-- 4. 지출 - 교통비 (버스)
INSERT INTO smaccount.LEDGER_ENTRY (
    entry_id, group_id, member_id, type, pay_type,
    category_id, amount, occurred_at, memo
) VALUES (
             smaccount.SEQ_ENTRY.NEXTVAL,
             1,
             'user002@test.com',
             'OUT',
             'CARD',
             (SELECT category_id FROM smaccount.CATEGORY
              WHERE name = '교통비'),
             1400,
             DATE '2025-11-02',
             '버스비'
         );

-- 5. 지출 - 공과금 (전기요금)
INSERT INTO smaccount.LEDGER_ENTRY (
    entry_id, group_id, member_id, type, pay_type,
    category_id, amount, occurred_at, memo
) VALUES (
             smaccount.SEQ_ENTRY.NEXTVAL,
             1,
             'user002@test.com',
             'OUT',
             'TRANSFER',
             (SELECT category_id FROM smaccount.CATEGORY
              WHERE name = '공과금'),
             62000,
             DATE '2025-11-03',
             '전기요금 자동이체'
         );

-- 6. 수입 - 기타 (급여를 기타로)
INSERT INTO smaccount.LEDGER_ENTRY (
    entry_id, group_id, member_id, type, pay_type,
    category_id, amount, occurred_at, memo
) VALUES (
             smaccount.SEQ_ENTRY.NEXTVAL,
             1,
             'user003@test.com',
             'IN',
             'TRANSFER',
             (SELECT category_id FROM smaccount.CATEGORY
              WHERE name = '기타'),
             2500000,
             DATE '2025-11-01',
             '11월 급여'
         );

-- 7. 지출 - 카페/간식
INSERT INTO smaccount.LEDGER_ENTRY (
    entry_id, group_id, member_id, type, pay_type,
    category_id, amount, occurred_at, memo
) VALUES (
             smaccount.SEQ_ENTRY.NEXTVAL,
             1,
             'user003@test.com',
             'OUT',
             'CARD',
             (SELECT category_id FROM smaccount.CATEGORY
              WHERE name = '카페/간식'),
             4800,
             DATE '2025-11-03',
             '아메리카노'
         );

-- 8. 지출 - 주거비 (월세)
INSERT INTO smaccount.LEDGER_ENTRY (
    entry_id, group_id, member_id, type, pay_type,
    category_id, amount, occurred_at, memo
) VALUES (
             smaccount.SEQ_ENTRY.NEXTVAL,
             1,
             'user004@test.com',
             'OUT',
             'TRANSFER',
             (SELECT category_id FROM smaccount.CATEGORY
              WHERE name = '주거비'),
             500000,
             DATE '2025-11-05',
             '11월 월세'
         );

-- 9. 수입 - 적금/투자 (적금 해지 환급)
INSERT INTO smaccount.LEDGER_ENTRY (
    entry_id, group_id, member_id, type, pay_type,
    category_id, amount, occurred_at, memo
) VALUES (
             smaccount.SEQ_ENTRY.NEXTVAL,
             1,
             'user004@test.com',
             'IN',
             'TRANSFER',
             (SELECT category_id FROM smaccount.CATEGORY
              WHERE name = '적금/투자'),
             1000000,
             DATE '2025-11-06',
             '적금 중도해지'
         );

-- 10. 지출 - 구독서비스 (넷플릭스 등)
INSERT INTO smaccount.LEDGER_ENTRY (
    entry_id, group_id, member_id, type, pay_type,
    category_id, amount, occurred_at, memo
) VALUES (
             smaccount.SEQ_ENTRY.NEXTVAL,
             1,
             'user001@test.com',
             'OUT',
             'CARD',
             (SELECT category_id FROM smaccount.CATEGORY
              WHERE name = '구독서비스'),
             17000,
             DATE '2025-11-07',
             '넷플릭스'
         );

commit;


-- 게시판
INSERT INTO smaccount.BOARD_POST
(post_id, category, title, content, writer_id, created_at)
VALUES
    (smaccount.SEQ_POST.NEXTVAL,
     'NOTICE',
     '가계부 서비스 오픈 공지',
     '안녕하세요. 가계부 서비스를 오픈했습니다. 많은 이용 부탁드립니다.',
     'user001@test.com',
     SYSTIMESTAMP-10);

INSERT INTO smaccount.BOARD_POST
(post_id, category, title, content, writer_id, created_at)
VALUES
    (smaccount.SEQ_POST.NEXTVAL,
     'FREE',
     '요즘 식비 얼마 정도 나오세요?',
     '요즘 물가가 너무 올라서 식비가 부담이 되네요. 다들 월 식비가 어느 정도인지 궁금합니다.',
     'user002@test.com',
     SYSTIMESTAMP-9);

INSERT INTO smaccount.BOARD_POST
(post_id, category, title, content, writer_id, created_at)
VALUES
    (smaccount.SEQ_POST.NEXTVAL,
     'TIP',
     '교통비 아끼는 꿀팁 공유',
     '대중교통 정기권, 알뜰 교통카드 등 교통비 줄이는 팁 같이 공유해요!',
     'user003@test.com',
     SYSTIMESTAMP-8);

INSERT INTO smaccount.BOARD_POST
(post_id, category, title, content, writer_id, created_at)
VALUES
    (smaccount.SEQ_POST.NEXTVAL,
     'QNA',
     '가계부 카테고리 어떻게 나누시나요?',
     '식비, 고정비, 변동비 등 카테고리를 어떻게 나누는지 궁금합니다.',
     'user004@test.com',
     SYSTIMESTAMP-7);

INSERT INTO smaccount.BOARD_POST
(post_id, category, title, content, writer_id, created_at)
VALUES
    (smaccount.SEQ_POST.NEXTVAL,
     'FREE',
     '이번 달 지출 회고',
     '이번 달은 구독서비스랑 카페 지출이 너무 많았네요. 다음 달에는 줄여보려구요.',
     'user005@test.com',
     SYSTIMESTAMP-6);
commit;


-- 댓글
INSERT INTO smaccount.BOARD_COMMENT
(comment_id, post_id, writer_id, content, created_at)
VALUES
    (smaccount.SEQ_COMMENT.NEXTVAL,
     (SELECT post_id FROM smaccount.BOARD_POST WHERE title = '가계부 서비스 오픈 공지'),
     'user002@test.com',
     '오픈 축하드립니다! 잘 써볼게요 :)',
     SYSTIMESTAMP-9);

INSERT INTO smaccount.BOARD_COMMENT
(comment_id, post_id, writer_id, content, created_at)
VALUES
    (smaccount.SEQ_COMMENT.NEXTVAL,
     (SELECT post_id FROM smaccount.BOARD_POST WHERE title = '가계부 서비스 오픈 공지'),
     'user003@test.com',
     '기능 업데이트도 기대할게요!',
     SYSTIMESTAMP-8);
commit ;


-- 식비 글에 댓글 3개
INSERT INTO smaccount.BOARD_COMMENT
(comment_id, post_id, writer_id, content, created_at)
VALUES
    (smaccount.SEQ_COMMENT.NEXTVAL,
     (SELECT post_id FROM smaccount.BOARD_POST WHERE title = '요즘 식비 얼마 정도 나오세요?'),
     'user001@test.com',
     '1인 기준으로 월 30만원 정도 나오는 것 같아요.',
     SYSTIMESTAMP-8);

INSERT INTO smaccount.BOARD_COMMENT
(comment_id, post_id, writer_id, content, created_at)
VALUES
    (smaccount.SEQ_COMMENT.NEXTVAL,
     (SELECT post_id FROM smaccount.BOARD_POST WHERE title = '요즘 식비 얼마 정도 나오세요?'),
     'user004@test.com',
     '외식 많이 하면 40~50도 금방이네요 ㅠ',
     SYSTIMESTAMP-7);

INSERT INTO smaccount.BOARD_COMMENT
(comment_id, post_id, writer_id, content, created_at)
VALUES
    (smaccount.SEQ_COMMENT.NEXTVAL,
     (SELECT post_id FROM smaccount.BOARD_POST WHERE title = '요즘 식비 얼마 정도 나오세요?'),
     'user005@test.com',
     '도시락 싸가니까 조금 줄어들었어요.',
     SYSTIMESTAMP-7);
commit ;


-- 교통비 팁 글에 댓글 2개
INSERT INTO smaccount.BOARD_COMMENT
(comment_id, post_id, writer_id, content, created_at)
VALUES
    (smaccount.SEQ_COMMENT.NEXTVAL,
     (SELECT post_id FROM smaccount.BOARD_POST WHERE title = '교통비 아끼는 꿀팁 공유'),
     'user001@test.com',
     '알뜰교통카드 진짜 좋아요. 대중교통 많이 쓰면 강추!',
     SYSTIMESTAMP-7);

INSERT INTO smaccount.BOARD_COMMENT
(comment_id, post_id, writer_id, content, created_at)
VALUES
    (smaccount.SEQ_COMMENT.NEXTVAL,
     (SELECT post_id FROM smaccount.BOARD_POST WHERE title = '교통비 아끼는 꿀팁 공유'),
     'user002@test.com',
     '회사에서 교통비 지원해줘서 조금 숨통 트입니다 ㅎㅎ',
     SYSTIMESTAMP-6);
commit ;


-- 카테고리 QnA 글에 댓글 2개
INSERT INTO smaccount.BOARD_COMMENT
(comment_id, post_id, writer_id, content, created_at)
VALUES
    (smaccount.SEQ_COMMENT.NEXTVAL,
     (SELECT post_id FROM smaccount.BOARD_POST WHERE title = '가계부 카테고리 어떻게 나누시나요?'),
     'user003@test.com',
     '고정비/변동비/저축 이렇게 크게 3개로 나눠요.',
     SYSTIMESTAMP-6);

INSERT INTO smaccount.BOARD_COMMENT
(comment_id, post_id, writer_id, content, created_at)
VALUES
    (smaccount.SEQ_COMMENT.NEXTVAL,
     (SELECT post_id FROM smaccount.BOARD_POST WHERE title = '가계부 카테고리 어떻게 나누시나요?'),
     'user005@test.com',
     '저는 식비/교통비/주거비/취미/기타 정도로만 단순하게 씁니다.',
     SYSTIMESTAMP-5);
commit ;


-- 좋아요
INSERT INTO smaccount.BOARD_LIKE
(board_like_id, post_id, member_id)
VALUES
    (smaccount.SEQ_BOARD_LIKE.NEXTVAL,
     (SELECT post_id FROM smaccount.BOARD_POST WHERE title = '가계부 서비스 오픈 공지'),
     'user001@test.com');

INSERT INTO smaccount.BOARD_LIKE
(board_like_id, post_id, member_id)
VALUES
    (smaccount.SEQ_BOARD_LIKE.NEXTVAL,
     (SELECT post_id FROM smaccount.BOARD_POST WHERE title = '가계부 서비스 오픈 공지'),
     'user002@test.com');
commit ;


-- 식비 글 좋아요
INSERT INTO smaccount.BOARD_LIKE
(board_like_id, post_id, member_id)
VALUES
    (smaccount.SEQ_BOARD_LIKE.NEXTVAL,
     (SELECT post_id FROM smaccount.BOARD_POST WHERE title = '요즘 식비 얼마 정도 나오세요?'),
     'user003@test.com');

INSERT INTO smaccount.BOARD_LIKE
(board_like_id, post_id, member_id)
VALUES
    (smaccount.SEQ_BOARD_LIKE.NEXTVAL,
     (SELECT post_id FROM smaccount.BOARD_POST WHERE title = '요즘 식비 얼마 정도 나오세요?'),
     'user004@test.com');
commit ;


-- 교통비 팁 글 좋아요
INSERT INTO smaccount.BOARD_LIKE
(board_like_id, post_id, member_id)
VALUES
    (smaccount.SEQ_BOARD_LIKE.NEXTVAL,
     (SELECT post_id FROM smaccount.BOARD_POST WHERE title = '교통비 아끼는 꿀팁 공유'),
     'user001@test.com');

INSERT INTO smaccount.BOARD_LIKE
(board_like_id, post_id, member_id)
VALUES
    (smaccount.SEQ_BOARD_LIKE.NEXTVAL,
     (SELECT post_id FROM smaccount.BOARD_POST WHERE title = '교통비 아끼는 꿀팁 공유'),
     'user005@test.com');
commit ;


-- 카테고리 QnA 글 좋아요
INSERT INTO smaccount.BOARD_LIKE
(board_like_id, post_id, member_id)
VALUES
    (smaccount.SEQ_BOARD_LIKE.NEXTVAL,
     (SELECT post_id FROM smaccount.BOARD_POST WHERE title = '가계부 카테고리 어떻게 나누시나요?'),
     'user002@test.com');

INSERT INTO smaccount.BOARD_LIKE
(board_like_id, post_id, member_id)
VALUES
    (smaccount.SEQ_BOARD_LIKE.NEXTVAL,
     (SELECT post_id FROM smaccount.BOARD_POST WHERE title = '가계부 카테고리 어떻게 나누시나요?'),
     'user004@test.com');
commit ;


-- 지출 회고 글 좋아요
INSERT INTO smaccount.BOARD_LIKE
(board_like_id, post_id, member_id)
VALUES
    (smaccount.SEQ_BOARD_LIKE.NEXTVAL,
     (SELECT post_id FROM smaccount.BOARD_POST WHERE title = '이번 달 지출 회고'),
     'user003@test.com');

INSERT INTO smaccount.BOARD_LIKE
(board_like_id, post_id, member_id)
VALUES
    (smaccount.SEQ_BOARD_LIKE.NEXTVAL,
     (SELECT post_id FROM smaccount.BOARD_POST WHERE title = '이번 달 지출 회고'),
     'user001@test.com');
commit ;


-- SELLER

INSERT INTO smaccount.SELLER (seller_id, biz_type, created_at)
VALUES ('user081@test.com', '온라인', SYSTIMESTAMP - 15);

INSERT INTO smaccount.SELLER (seller_id, biz_type, created_at)
VALUES ('user082@test.com', '의류', SYSTIMESTAMP - 14);

INSERT INTO smaccount.SELLER (seller_id, biz_type, created_at)
VALUES ('user083@test.com', '식품', SYSTIMESTAMP - 13);

INSERT INTO smaccount.SELLER (seller_id, biz_type, created_at)
VALUES ('user084@test.com', '편의점', SYSTIMESTAMP - 12);

INSERT INTO smaccount.SELLER (seller_id, biz_type, created_at)
VALUES ('user085@test.com', '여행', SYSTIMESTAMP - 11);

INSERT INTO smaccount.SELLER (seller_id, biz_type, created_at)
VALUES ('user086@test.com', '오프라인', SYSTIMESTAMP - 10);

INSERT INTO smaccount.SELLER (seller_id, biz_type, created_at)
VALUES ('user087@test.com', '식품', SYSTIMESTAMP - 9);

INSERT INTO smaccount.SELLER (seller_id, biz_type, created_at)
VALUES ('user088@test.com', '의류', SYSTIMESTAMP - 8);

INSERT INTO smaccount.SELLER (seller_id, biz_type, created_at)
VALUES ('user089@test.com', '온라인', SYSTIMESTAMP - 7);

INSERT INTO smaccount.SELLER (seller_id, biz_type, created_at)
VALUES ('user090@test.com', '편의점', SYSTIMESTAMP - 6);

INSERT INTO smaccount.SELLER (seller_id, biz_type, created_at)
VALUES ('user091@test.com', '식품', SYSTIMESTAMP - 5);

INSERT INTO smaccount.SELLER (seller_id, biz_type, created_at)
VALUES ('user092@test.com', '여행', SYSTIMESTAMP - 4);

INSERT INTO smaccount.SELLER (seller_id, biz_type, created_at)
VALUES ('user093@test.com', '오프라인', SYSTIMESTAMP - 3);

INSERT INTO smaccount.SELLER (seller_id, biz_type, created_at)
VALUES ('user094@test.com', '온라인', SYSTIMESTAMP - 2);

INSERT INTO smaccount.SELLER (seller_id, biz_type, created_at)
VALUES ('user095@test.com', '의류', SYSTIMESTAMP - 1);

commit ;


-- ITEM
INSERT INTO smaccount.ITEM (item_id, seller_id, name, price, stock, sale_start_at, sale_end_at, sale_status)
VALUES (smaccount.SEQ_ITEM.NEXTVAL, 'user082@test.com', '꽃무늬 원피스', 29900, 20, SYSDATE-5, SYSDATE+15, 'ON_SALE');

INSERT INTO smaccount.ITEM (item_id, seller_id, name, price, stock, sale_start_at, sale_end_at, sale_status)
VALUES (smaccount.SEQ_ITEM.NEXTVAL, 'user082@test.com', '예일 반팔티', 19900, 50, SYSDATE-5, SYSDATE+15, 'ON_SALE');

INSERT INTO smaccount.ITEM (item_id, seller_id, name, price, stock, sale_start_at, sale_end_at, sale_status)
VALUES (smaccount.SEQ_ITEM.NEXTVAL, 'user082@test.com', '조거팬츠', 25900, 35, SYSDATE-5, SYSDATE+15, 'ON_SALE');

INSERT INTO smaccount.ITEM (item_id, seller_id, name, price, stock, sale_start_at, sale_end_at, sale_status)
VALUES (smaccount.SEQ_ITEM.NEXTVAL, 'user083@test.com', '과자 선물세트', 15900, 40, SYSDATE-5, SYSDATE+12, 'ON_SALE');

INSERT INTO smaccount.ITEM (item_id, seller_id, name, price, stock, sale_start_at, sale_end_at, sale_status)
VALUES (smaccount.SEQ_ITEM.NEXTVAL, 'user083@test.com', '컵라면 패키지', 12900, 60, SYSDATE-5, SYSDATE+12, 'ON_SALE');

INSERT INTO smaccount.ITEM (item_id, seller_id, name, price, stock, sale_start_at, sale_end_at, sale_status)
VALUES (smaccount.SEQ_ITEM.NEXTVAL, 'user083@test.com', '탄산음료 묶음팩', 9900, 80, SYSDATE-5, SYSDATE+12, 'ON_SALE');

INSERT INTO smaccount.ITEM (item_id, seller_id, name, price, stock, sale_start_at, sale_end_at, sale_status)
VALUES (smaccount.SEQ_ITEM.NEXTVAL, 'user084@test.com', '삼각김밥', 1800, 100, SYSDATE-4, SYSDATE+10, 'ON_SALE');

INSERT INTO smaccount.ITEM (item_id, seller_id, name, price, stock, sale_start_at, sale_end_at, sale_status)
VALUES (smaccount.SEQ_ITEM.NEXTVAL, 'user084@test.com', '컵라면', 1500, 70, SYSDATE-4, SYSDATE+10, 'ON_SALE');

INSERT INTO smaccount.ITEM (item_id, seller_id, name, price, stock, sale_start_at, sale_end_at, sale_status)
VALUES (smaccount.SEQ_ITEM.NEXTVAL, 'user084@test.com', '편의점 도시락', 4500, 50, SYSDATE-4, SYSDATE+10, 'ON_SALE');

INSERT INTO smaccount.ITEM (item_id, seller_id, name, price, stock, sale_start_at, sale_end_at, sale_status)
VALUES (smaccount.SEQ_ITEM.NEXTVAL, 'user085@test.com', '부산 2박3일 패키지', 199000, 10, SYSDATE-7, SYSDATE+20, 'ON_SALE');

INSERT INTO smaccount.ITEM (item_id, seller_id, name, price, stock, sale_start_at, sale_end_at, sale_status)
VALUES (smaccount.SEQ_ITEM.NEXTVAL, 'user085@test.com', '강릉 당일치기 투어', 69000, 25, SYSDATE-7, SYSDATE+20, 'ON_SALE');

INSERT INTO smaccount.ITEM (item_id, seller_id, name, price, stock, sale_start_at, sale_end_at, sale_status)
VALUES (smaccount.SEQ_ITEM.NEXTVAL, 'user085@test.com', '제주 렌트카 24시간', 49000, 15, SYSDATE-7, SYSDATE+20, 'ON_SALE');

INSERT INTO smaccount.ITEM (item_id, seller_id, name, price, stock, sale_start_at, sale_end_at, sale_status)
VALUES (smaccount.SEQ_ITEM.NEXTVAL, 'user085@test.com', '부산 2박3일 패키지', 199000, 10, SYSDATE-7, SYSDATE+20, 'ON_SALE');

INSERT INTO smaccount.ITEM (item_id, seller_id, name, price, stock, sale_start_at, sale_end_at, sale_status)
VALUES (smaccount.SEQ_ITEM.NEXTVAL, 'user085@test.com', '강릉 당일치기 투어', 69000, 25, SYSDATE-7, SYSDATE+20, 'ON_SALE');

INSERT INTO smaccount.ITEM (item_id, seller_id, name, price, stock, sale_start_at, sale_end_at, sale_status)
VALUES (smaccount.SEQ_ITEM.NEXTVAL, 'user085@test.com', '제주 렌트카 24시간', 49000, 15, SYSDATE-7, SYSDATE+20, 'ON_SALE');

INSERT INTO smaccount.ITEM (item_id, seller_id, name, price, stock, sale_start_at, sale_end_at, sale_status)
VALUES (smaccount.SEQ_ITEM.NEXTVAL, 'user086@test.com', '데님 팬츠', 34900, 30, SYSDATE-6, SYSDATE+18, 'ON_SALE');

INSERT INTO smaccount.ITEM (item_id, seller_id, name, price, stock, sale_start_at, sale_end_at, sale_status)
VALUES (smaccount.SEQ_ITEM.NEXTVAL, 'user086@test.com', '베이직 반팔티', 12900, 80, SYSDATE-6, SYSDATE+18, 'ON_SALE');

INSERT INTO smaccount.ITEM (item_id, seller_id, name, price, stock, sale_start_at, sale_end_at, sale_status)
VALUES (smaccount.SEQ_ITEM.NEXTVAL, 'user086@test.com', '후드 집업', 29900, 25, SYSDATE-6, SYSDATE+18, 'ON_SALE');

INSERT INTO smaccount.ITEM (item_id, seller_id, name, price, stock, sale_start_at, sale_end_at, sale_status)
VALUES (smaccount.SEQ_ITEM.NEXTVAL, 'user087@test.com', '프리미엄 초콜릿 세트', 15900, 60, SYSDATE-6, SYSDATE+14, 'ON_SALE');

INSERT INTO smaccount.ITEM (item_id, seller_id, name, price, stock, sale_start_at, sale_end_at, sale_status)
VALUES (smaccount.SEQ_ITEM.NEXTVAL, 'user087@test.com', '고급 견과류 혼합팩', 19900, 45, SYSDATE-6, SYSDATE+14, 'ON_SALE');

INSERT INTO smaccount.ITEM (item_id, seller_id, name, price, stock, sale_start_at, sale_end_at, sale_status)
VALUES (smaccount.SEQ_ITEM.NEXTVAL, 'user087@test.com', '건강 주스 세트', 12900, 70, SYSDATE-6, SYSDATE+14, 'ON_SALE');

INSERT INTO smaccount.ITEM (item_id, seller_id, name, price, stock, sale_start_at, sale_end_at, sale_status)
VALUES (smaccount.SEQ_ITEM.NEXTVAL, 'user088@test.com', '핫바', 1200, 150, SYSDATE-4, SYSDATE+8, 'ON_SALE');

INSERT INTO smaccount.ITEM (item_id, seller_id, name, price, stock, sale_start_at, sale_end_at, sale_status)
VALUES (smaccount.SEQ_ITEM.NEXTVAL, 'user088@test.com', '초코우유', 1300, 120, SYSDATE-4, SYSDATE+8, 'ON_SALE');

INSERT INTO smaccount.ITEM (item_id, seller_id, name, price, stock, sale_start_at, sale_end_at, sale_status)
VALUES (smaccount.SEQ_ITEM.NEXTVAL, 'user088@test.com', '샌드위치', 3500, 60, SYSDATE-4, SYSDATE+8, 'ON_SALE');

INSERT INTO smaccount.ITEM (item_id, seller_id, name, price, stock, sale_start_at, sale_end_at, sale_status)
VALUES (smaccount.SEQ_ITEM.NEXTVAL, 'user089@test.com', '속초 버스투어', 59000, 30, SYSDATE-5, SYSDATE+14, 'ON_SALE');

INSERT INTO smaccount.ITEM (item_id, seller_id, name, price, stock, sale_start_at, sale_end_at, sale_status)
VALUES (smaccount.SEQ_ITEM.NEXTVAL, 'user089@test.com', '전주 한옥마을 패키지', 49000, 20, SYSDATE-5, SYSDATE+14, 'ON_SALE');

INSERT INTO smaccount.ITEM (item_id, seller_id, name, price, stock, sale_start_at, sale_end_at, sale_status)
VALUES (smaccount.SEQ_ITEM.NEXTVAL, 'user089@test.com', '서울 야경 투어', 39000, 25, SYSDATE-5, SYSDATE+14, 'ON_SALE');

INSERT INTO smaccount.ITEM (item_id, seller_id, name, price, stock, sale_start_at, sale_end_at, sale_status)
VALUES (smaccount.SEQ_ITEM.NEXTVAL, 'user090@test.com', '니트 가디건', 29900, 30, SYSDATE-5, SYSDATE+13, 'ON_SALE');

INSERT INTO smaccount.ITEM (item_id, seller_id, name, price, stock, sale_start_at, sale_end_at, sale_status)
VALUES (smaccount.SEQ_ITEM.NEXTVAL, 'user090@test.com', '청바지', 34900, 40, SYSDATE-5, SYSDATE+13, 'ON_SALE');

INSERT INTO smaccount.ITEM (item_id, seller_id, name, price, stock, sale_start_at, sale_end_at, sale_status)
VALUES (smaccount.SEQ_ITEM.NEXTVAL, 'user090@test.com', '기본 코튼셔츠', 21900, 50, SYSDATE-5, SYSDATE+13, 'ON_SALE');

INSERT INTO smaccount.ITEM (item_id, seller_id, name, price, stock, sale_start_at, sale_end_at, sale_status)
VALUES (smaccount.SEQ_ITEM.NEXTVAL, 'user091@test.com', '유기농 우유 세트', 15900, 45, SYSDATE-5, SYSDATE+12, 'ON_SALE');

INSERT INTO smaccount.ITEM (item_id, seller_id, name, price, stock, sale_start_at, sale_end_at, sale_status)
VALUES (smaccount.SEQ_ITEM.NEXTVAL, 'user091@test.com', '프리미엄 햄 세트', 23900, 30, SYSDATE-5, SYSDATE+12, 'ON_SALE');

INSERT INTO smaccount.ITEM (item_id, seller_id, name, price, stock, sale_start_at, sale_end_at, sale_status)
VALUES (smaccount.SEQ_ITEM.NEXTVAL, 'user091@test.com', '수제 쿠키 박스', 9900, 60, SYSDATE-5, SYSDATE+12, 'ON_SALE');

INSERT INTO smaccount.ITEM (item_id, seller_id, name, price, stock, sale_start_at, sale_end_at, sale_status)
VALUES (smaccount.SEQ_ITEM.NEXTVAL, 'user092@test.com', '오버핏 후드티', 25900, 70, SYSDATE-3, SYSDATE+20, 'ON_SALE');

INSERT INTO smaccount.ITEM (item_id, seller_id, name, price, stock, sale_start_at, sale_end_at, sale_status)
VALUES (smaccount.SEQ_ITEM.NEXTVAL, 'user092@test.com', '코튼 와이드팬츠', 29900, 40, SYSDATE-3, SYSDATE+20, 'ON_SALE');

INSERT INTO smaccount.ITEM (item_id, seller_id, name, price, stock, sale_start_at, sale_end_at, sale_status)
VALUES (smaccount.SEQ_ITEM.NEXTVAL, 'user092@test.com', '여름 반팔 니트', 21900, 35, SYSDATE-3, SYSDATE+20, 'ON_SALE');

INSERT INTO smaccount.ITEM (item_id, seller_id, name, price, stock, sale_start_at, sale_end_at, sale_status)
VALUES (smaccount.SEQ_ITEM.NEXTVAL, 'user093@test.com', '프리미엄 커피드립', 12900, 50, SYSDATE-4, SYSDATE+15, 'ON_SALE');

INSERT INTO smaccount.ITEM (item_id, seller_id, name, price, stock, sale_start_at, sale_end_at, sale_status)
VALUES (smaccount.SEQ_ITEM.NEXTVAL, 'user093@test.com', '로스티드 견과세트', 19900, 35, SYSDATE-4, SYSDATE+15, 'ON_SALE');

INSERT INTO smaccount.ITEM (item_id, seller_id, name, price, stock, sale_start_at, sale_end_at, sale_status)
VALUES (smaccount.SEQ_ITEM.NEXTVAL, 'user093@test.com', '올리브오일 선물세트', 25900, 25, SYSDATE-4, SYSDATE+15, 'ON_SALE');

INSERT INTO smaccount.ITEM (item_id, seller_id, name, price, stock, sale_start_at, sale_end_at, sale_status)
VALUES (smaccount.SEQ_ITEM.NEXTVAL, 'user094@test.com', '린넨 셔츠', 27900, 45, SYSDATE-2, SYSDATE+18, 'ON_SALE');

INSERT INTO smaccount.ITEM (item_id, seller_id, name, price, stock, sale_start_at, sale_end_at, sale_status)
VALUES (smaccount.SEQ_ITEM.NEXTVAL, 'user094@test.com', '슬랙스', 34900, 35, SYSDATE-2, SYSDATE+18, 'ON_SALE');

INSERT INTO smaccount.ITEM (item_id, seller_id, name, price, stock, sale_start_at, sale_end_at, sale_status)
VALUES (smaccount.SEQ_ITEM.NEXTVAL, 'user094@test.com', '반팔 니트', 25900, 50, SYSDATE-2, SYSDATE+18, 'ON_SALE');

INSERT INTO smaccount.ITEM (item_id, seller_id, name, price, stock, sale_start_at, sale_end_at, sale_status)
VALUES (smaccount.SEQ_ITEM.NEXTVAL, 'user095@test.com', '애플망고 세트', 19900, 40, SYSDATE-1, SYSDATE+10, 'ON_SALE');

INSERT INTO smaccount.ITEM (item_id, seller_id, name, price, stock, sale_start_at, sale_end_at, sale_status)
VALUES (smaccount.SEQ_ITEM.NEXTVAL, 'user095@test.com', '제철 과일박스', 29900, 25, SYSDATE-1, SYSDATE+10, 'ON_SALE');

INSERT INTO smaccount.ITEM (item_id, seller_id, name, price, stock, sale_start_at, sale_end_at, sale_status)
VALUES (smaccount.SEQ_ITEM.NEXTVAL, 'user095@test.com', '고구마 스틱', 9900, 70, SYSDATE-1, SYSDATE+10, 'ON_SALE');

commit;


-- -- ORDER_MAIN
-- INSERT INTO smaccount.ORDER_MAIN (order_id, buyer_id, total_amount, status, created_at)
-- VALUES (
--            smaccount.SEQ_ORDER.NEXTVAL,
--            'user041@test.com',
--            58900,
--            'PAID',
--            SYSTIMESTAMP - 4
--        );
--
-- INSERT INTO smaccount.ORDER_MAIN (order_id, buyer_id, total_amount, status, created_at)
-- VALUES (
--            smaccount.SEQ_ORDER.NEXTVAL,
--            'user066@test.com',
--            174900,
--            'PAID',
--            SYSTIMESTAMP - 10
--        );
--
-- INSERT INTO smaccount.ORDER_MAIN (order_id, buyer_id, total_amount, status, created_at)
-- VALUES (
--            smaccount.SEQ_ORDER.NEXTVAL,
--            'user032@test.com',
--            34900,
--            'PAID',
--            SYSTIMESTAMP - 6
--        );
--
-- INSERT INTO smaccount.ORDER_MAIN (order_id, buyer_id, total_amount, status, created_at)
-- VALUES (
--            smaccount.SEQ_ORDER.NEXTVAL,
--            'user008@test.com',
--            129900,
--            'PAID',
--            SYSTIMESTAMP - 2
--        );
--
-- INSERT INTO smaccount.ORDER_MAIN (order_id, buyer_id, total_amount, status, created_at)
-- VALUES (
--            smaccount.SEQ_ORDER.NEXTVAL,
--            'user059@test.com',
--            21900,
--            'PAID',
--            SYSTIMESTAMP - 8
--        );
--
-- INSERT INTO smaccount.ORDER_MAIN (order_id, buyer_id, total_amount, status, created_at)
-- VALUES (
--            smaccount.SEQ_ORDER.NEXTVAL,
--            'user017@test.com',
--            79900,
--            'PAID',
--            SYSTIMESTAMP - 12
--        );
--
-- INSERT INTO smaccount.ORDER_MAIN (order_id, buyer_id, total_amount, status, created_at)
-- VALUES (
--            smaccount.SEQ_ORDER.NEXTVAL,
--            'user028@test.com',
--            45900,
--            'PAID',
--            SYSTIMESTAMP - 9
--        );
--
-- INSERT INTO smaccount.ORDER_MAIN (order_id, buyer_id, total_amount, status, created_at)
-- VALUES (
--            smaccount.SEQ_ORDER.NEXTVAL,
--            'user072@test.com',
--            189900,
--            'PAID',
--            SYSTIMESTAMP - 13
--        );
--
-- INSERT INTO smaccount.ORDER_MAIN (order_id, buyer_id, total_amount, status, created_at)
-- VALUES (
--            smaccount.SEQ_ORDER.NEXTVAL,
--            'user044@test.com',
--            9900,
--            'PAID',
--            SYSTIMESTAMP - 3
--        );
--
-- INSERT INTO smaccount.ORDER_MAIN (order_id, buyer_id, total_amount, status, created_at)
-- VALUES (
--            smaccount.SEQ_ORDER.NEXTVAL,
--            'user003@test.com',
--            159900,
--            'PAID',
--            SYSTIMESTAMP - 14
--        );
--
-- INSERT INTO smaccount.ORDER_MAIN (order_id, buyer_id, total_amount, status, created_at)
-- VALUES (
--            smaccount.SEQ_ORDER.NEXTVAL,
--            'user051@test.com',
--            57900,
--            'PAID',
--            SYSTIMESTAMP - 5
--        );
--
-- INSERT INTO smaccount.ORDER_MAIN (order_id, buyer_id, total_amount, status, created_at)
-- VALUES (
--            smaccount.SEQ_ORDER.NEXTVAL,
--            'user039@test.com',
--            33900,
--            'PAID',
--            SYSTIMESTAMP - 11
--        );
--
-- INSERT INTO smaccount.ORDER_MAIN (order_id, buyer_id, total_amount, status, created_at)
-- VALUES (
--            smaccount.SEQ_ORDER.NEXTVAL,
--            'user012@test.com',
--            74900,
--            'PAID',
--            SYSTIMESTAMP - 4
--        );
--
-- INSERT INTO smaccount.ORDER_MAIN (order_id, buyer_id, total_amount, status, created_at)
-- VALUES (
--            smaccount.SEQ_ORDER.NEXTVAL,
--            'user027@test.com',
--            129900,
--            'PAID',
--            SYSTIMESTAMP - 8
--        );
--
-- INSERT INTO smaccount.ORDER_MAIN (order_id, buyer_id, total_amount, status, created_at)
-- VALUES (
--            smaccount.SEQ_ORDER.NEXTVAL,
--            'user048@test.com',
--            21900,
--            'PAID',
--            SYSTIMESTAMP - 1
--        );
--
-- INSERT INTO smaccount.ORDER_MAIN (order_id, buyer_id, total_amount, status, created_at)
-- VALUES (
--            smaccount.SEQ_ORDER.NEXTVAL,
--            'user015@test.com',
--            99900,
--            'PAID',
--            SYSTIMESTAMP - 6
--        );
--
-- INSERT INTO smaccount.ORDER_MAIN (order_id, buyer_id, total_amount, status, created_at)
-- VALUES (
--            smaccount.SEQ_ORDER.NEXTVAL,
--            'user062@test.com',
--            45900,
--            'PAID',
--            SYSTIMESTAMP - 10
--        );
--
-- INSERT INTO smaccount.ORDER_MAIN (order_id, buyer_id, total_amount, status, created_at)
-- VALUES (
--            smaccount.SEQ_ORDER.NEXTVAL,
--            'user034@test.com',
--            15900,
--            'PAID',
--            SYSTIMESTAMP - 3
--        );
--
-- INSERT INTO smaccount.ORDER_MAIN (order_id, buyer_id, total_amount, status, created_at)
-- VALUES (
--            smaccount.SEQ_ORDER.NEXTVAL,
--            'user019@test.com',
--            84900,
--            'PAID',
--            SYSTIMESTAMP - 12
--        );
--
-- INSERT INTO smaccount.ORDER_MAIN (order_id, buyer_id, total_amount, status, created_at)
-- VALUES (
--            smaccount.SEQ_ORDER.NEXTVAL,
--            'user055@test.com',
--            41900,
--            'PAID',
--            SYSTIMESTAMP - 2
--        );
--
-- INSERT INTO smaccount.ORDER_MAIN (order_id, buyer_id, total_amount, status, created_at)
-- VALUES (
--            smaccount.SEQ_ORDER.NEXTVAL,
--            'user046@test.com',
--            189900,
--            'PAID',
--            SYSTIMESTAMP - 9
--        );
--
-- INSERT INTO smaccount.ORDER_MAIN (order_id, buyer_id, total_amount, status, created_at)
-- VALUES (
--            smaccount.SEQ_ORDER.NEXTVAL,
--            'user010@test.com',
--            29900,
--            'PAID',
--            SYSTIMESTAMP - 6
--        );
--
-- INSERT INTO smaccount.ORDER_MAIN (order_id, buyer_id, total_amount, status, created_at)
-- VALUES (
--            smaccount.SEQ_ORDER.NEXTVAL,
--            'user068@test.com',
--            57900,
--            'PAID',
--            SYSTIMESTAMP - 7
--        );
--
-- INSERT INTO smaccount.ORDER_MAIN (order_id, buyer_id, total_amount, status, created_at)
-- VALUES (
--            smaccount.SEQ_ORDER.NEXTVAL,
--            'user021@test.com',
--            29900,
--            'PAID',
--            SYSTIMESTAMP - 4
--        );
--
-- INSERT INTO smaccount.ORDER_MAIN (order_id, buyer_id, total_amount, status, created_at)
-- VALUES (
--            smaccount.SEQ_ORDER.NEXTVAL,
--            'user074@test.com',
--            9900,
--            'PAID',
--            SYSTIMESTAMP - 1
--        );
--
-- INSERT INTO smaccount.ORDER_MAIN (order_id, buyer_id, total_amount, status, created_at)
-- VALUES (
--            smaccount.SEQ_ORDER.NEXTVAL,
--            'user026@test.com',
--            129900,
--            'PAID',
--            SYSTIMESTAMP - 13
--        );
--
-- INSERT INTO smaccount.ORDER_MAIN (order_id, buyer_id, total_amount, status, created_at)
-- VALUES (
--            smaccount.SEQ_ORDER.NEXTVAL,
--            'user060@test.com',
--            24900,
--            'PAID',
--            SYSTIMESTAMP - 5
--        );
-- commit;

INSERT INTO smaccount.ORDER_MAIN (order_id, buyer_id, total_amount, status, created_at)
VALUES (smaccount.SEQ_ORDER.NEXTVAL, 'user012@test.com', 74900, 'PAID', SYSTIMESTAMP - 3);

INSERT INTO smaccount.ORDER_MAIN (order_id, buyer_id, total_amount, status, created_at)
VALUES (smaccount.SEQ_ORDER.NEXTVAL, 'user043@test.com', 119900, 'PENDING', SYSTIMESTAMP - 1);

INSERT INTO smaccount.ORDER_MAIN (order_id, buyer_id, total_amount, status, created_at)
VALUES (smaccount.SEQ_ORDER.NEXTVAL, 'user027@test.com', 29900, 'CANCELLED', SYSTIMESTAMP - 7);

INSERT INTO smaccount.ORDER_MAIN (order_id, buyer_id, total_amount, status, created_at)
VALUES (smaccount.SEQ_ORDER.NEXTVAL, 'user058@test.com', 189900, 'SHIPPED', SYSTIMESTAMP - 5);

INSERT INTO smaccount.ORDER_MAIN (order_id, buyer_id, total_amount, status, created_at)
VALUES (smaccount.SEQ_ORDER.NEXTVAL, 'user036@test.com', 45900, 'DELIVERED', SYSTIMESTAMP - 9);

INSERT INTO smaccount.ORDER_MAIN (order_id, buyer_id, total_amount, status, created_at)
VALUES (smaccount.SEQ_ORDER.NEXTVAL, 'user071@test.com', 9900, 'REFUNDED', SYSTIMESTAMP - 2);

INSERT INTO smaccount.ORDER_MAIN (order_id, buyer_id, total_amount, status, created_at)
VALUES (smaccount.SEQ_ORDER.NEXTVAL, 'user004@test.com', 159900, 'PAID', SYSTIMESTAMP - 11);

INSERT INTO smaccount.ORDER_MAIN (order_id, buyer_id, total_amount, status, created_at)
VALUES (smaccount.SEQ_ORDER.NEXTVAL, 'user033@test.com', 37900, 'SHIPPED', SYSTIMESTAMP - 4);

INSERT INTO smaccount.ORDER_MAIN (order_id, buyer_id, total_amount, status, created_at)
VALUES (smaccount.SEQ_ORDER.NEXTVAL, 'user025@test.com', 129900, 'DELIVERED', SYSTIMESTAMP - 6);

INSERT INTO smaccount.ORDER_MAIN (order_id, buyer_id, total_amount, status, created_at)
VALUES (smaccount.SEQ_ORDER.NEXTVAL, 'user049@test.com', 24900, 'PENDING', SYSTIMESTAMP - 8);

commit ;


-- ORDER_ITEM
INSERT INTO smaccount.ORDER_ITEM (order_item_id, order_id, item_id, qty, price)
VALUES (smaccount.SEQ_ORDER_ITEM.NEXTVAL, 1, 5, 2, 15900);

INSERT INTO smaccount.ORDER_ITEM (order_item_id, order_id, item_id, qty, price)
VALUES (smaccount.SEQ_ORDER_ITEM.NEXTVAL, 1, 12, 1, 8900);

INSERT INTO smaccount.ORDER_ITEM (order_item_id, order_id, item_id, qty, price)
VALUES (smaccount.SEQ_ORDER_ITEM.NEXTVAL, 2, 17, 3, 22900);

INSERT INTO smaccount.ORDER_ITEM (order_item_id, order_id, item_id, qty, price)
VALUES (smaccount.SEQ_ORDER_ITEM.NEXTVAL, 2, 23, 1, 9900);

INSERT INTO smaccount.ORDER_ITEM (order_item_id, order_id, item_id, qty, price)
VALUES (smaccount.SEQ_ORDER_ITEM.NEXTVAL, 3, 8, 2, 12900);

INSERT INTO smaccount.ORDER_ITEM (order_item_id, order_id, item_id, qty, price)
VALUES (smaccount.SEQ_ORDER_ITEM.NEXTVAL, 3, 31, 1, 49900);

INSERT INTO smaccount.ORDER_ITEM (order_item_id, order_id, item_id, qty, price)
VALUES (smaccount.SEQ_ORDER_ITEM.NEXTVAL, 4, 14, 4, 5600);

INSERT INTO smaccount.ORDER_ITEM (order_item_id, order_id, item_id, qty, price)
VALUES (smaccount.SEQ_ORDER_ITEM.NEXTVAL, 4, 38, 1, 22500);

INSERT INTO smaccount.ORDER_ITEM (order_item_id, order_id, item_id, qty, price)
VALUES (smaccount.SEQ_ORDER_ITEM.NEXTVAL, 5, 9, 2, 17900);

INSERT INTO smaccount.ORDER_ITEM (order_item_id, order_id, item_id, qty, price)
VALUES (smaccount.SEQ_ORDER_ITEM.NEXTVAL, 5, 44, 1, 39900);

INSERT INTO smaccount.ORDER_ITEM (order_item_id, order_id, item_id, qty, price)
VALUES (smaccount.SEQ_ORDER_ITEM.NEXTVAL, 6, 11, 1, 7800);

INSERT INTO smaccount.ORDER_ITEM (order_item_id, order_id, item_id, qty, price)
VALUES (smaccount.SEQ_ORDER_ITEM.NEXTVAL, 7, 19, 3, 24900);

INSERT INTO smaccount.ORDER_ITEM (order_item_id, order_id, item_id, qty, price)
VALUES (smaccount.SEQ_ORDER_ITEM.NEXTVAL, 8, 27, 1, 32900);

INSERT INTO smaccount.ORDER_ITEM (order_item_id, order_id, item_id, qty, price)
VALUES (smaccount.SEQ_ORDER_ITEM.NEXTVAL, 9, 33, 4, 15900);

INSERT INTO smaccount.ORDER_ITEM (order_item_id, order_id, item_id, qty, price)
VALUES (smaccount.SEQ_ORDER_ITEM.NEXTVAL, 10, 41, 2, 8900);

commit ;


-- SHIPMENT

INSERT INTO smaccount.SHIPMENT (shipment_id, order_id, tracking_no, carrier, status)
VALUES (smaccount.SEQ_SHIPMENT.NEXTVAL, 1, 'TRK000001', 'CJ', 'SHIPPED');

INSERT INTO smaccount.SHIPMENT (shipment_id, order_id, tracking_no, carrier, status)
VALUES (smaccount.SEQ_SHIPMENT.NEXTVAL, 2, 'TRK000002', '한진', 'IN_TRANSIT');

INSERT INTO smaccount.SHIPMENT (shipment_id, order_id, tracking_no, carrier, status)
VALUES (smaccount.SEQ_SHIPMENT.NEXTVAL, 3, 'TRK000003', '로젠', 'DELIVERED');

INSERT INTO smaccount.SHIPMENT (shipment_id, order_id, tracking_no, carrier, status)
VALUES (smaccount.SEQ_SHIPMENT.NEXTVAL, 4, 'TRK000004', 'CJ', 'DELIVERED');

INSERT INTO smaccount.SHIPMENT (shipment_id, order_id, tracking_no, carrier, status)
VALUES (smaccount.SEQ_SHIPMENT.NEXTVAL, 5, 'TRK000005', '한진', 'SHIPPED');

INSERT INTO smaccount.SHIPMENT (shipment_id, order_id, tracking_no, carrier, status)
VALUES (smaccount.SEQ_SHIPMENT.NEXTVAL, 6, 'TRK000006', '로젠', 'IN_TRANSIT');

INSERT INTO smaccount.SHIPMENT (shipment_id, order_id, tracking_no, carrier, status)
VALUES (smaccount.SEQ_SHIPMENT.NEXTVAL, 7, 'TRK000007', 'CJ', 'SHIPPED');

INSERT INTO smaccount.SHIPMENT (shipment_id, order_id, tracking_no, carrier, status)
VALUES (smaccount.SEQ_SHIPMENT.NEXTVAL, 8, 'TRK000008', '한진', 'DELIVERED');

INSERT INTO smaccount.SHIPMENT (shipment_id, order_id, tracking_no, carrier, status)
VALUES (smaccount.SEQ_SHIPMENT.NEXTVAL, 9, 'TRK000009', '로젠', 'IN_TRANSIT');

INSERT INTO smaccount.SHIPMENT (shipment_id, order_id, tracking_no, carrier, status)
VALUES (smaccount.SEQ_SHIPMENT.NEXTVAL, 10, 'TRK000010', 'CJ', 'SHIPPED');

commit ;










-- BEGIN
--     FOR i IN 1..100 LOOP
--             INSERT INTO smaccount.BUDGET_GROUP(
--                 group_id, name, owner_id, created_at
--             ) VALUES (
--                          smaccount.SEQ_GROUP.NEXTVAL,
--                          '가계부그룹' || LPAD(i, 3, '0'),
--                          'user' || LPAD(i, 3, '0') || '@test.com',
--                          SYSTIMESTAMP - NUMTODSINTERVAL(101 - i, 'DAY')
--                      );
--         END LOOP;
-- END;
--
-- commit;
--
-- BEGIN
--     FOR i IN 2..100 LOOP
--             INSERT INTO smaccount.GROUP_MEMBER(
--                 group_member_id, group_id, member_id, role
--             ) VALUES (
--                          smaccount.SEQ_GROUP_MEMBER.NEXTVAL,
--                          3,
--                          'user' || LPAD(i, 3, '0') || '@test.com',
--                          'USER'
--                      );
--         END LOOP;
-- END;
-- commit;
-- ------------------------------ 여기까지 수정완료---------------------------------
-- BEGIN
--     FOR i IN 2..100 LOOP
--             INSERT INTO smaccount.CATEGORY(
--                 category_id, group_id, type, name
--             ) VALUES (
--                          smaccount.SEQ_CATEGORY.NEXTVAL,
--                          i,
--                          CASE WHEN MOD(i,2)=0 THEN 'IN' ELSE 'OUT' END,
--                          '카테고리' || i
--                      );
--         END LOOP;
-- END;
-- /
-- BEGIN
--     FOR i IN 2..100 LOOP
--             INSERT INTO smaccount.LEDGER_ENTRY(
--                 entry_id, group_id, member_id, type, pay_type, category_id, amount, occurred_at
--             ) VALUES (
--                          smaccount.SEQ_ENTRY.NEXTVAL,
--                          i,                                   -- group_id 1~100
--                          'user' || LPAD(i, 3, '0') || '@test.com',       -- MEMBER PK 형식
--                          CASE WHEN MOD(i,2)=0 THEN 'EXP' ELSE 'INC' END,
--                          'CARD',
--                          i+100,                                   -- category_id 1~100
--                          1000 + i*10,
--                          SYSDATE - MOD(i,30)
--                      );
--         END LOOP;
-- END;
-- /
--
--
-- BEGIN
--     FOR i IN 1..100 LOOP
--             INSERT INTO smaccount.BOARD_POST(
--                 post_id, category, title, content, writer_id
--             ) VALUES (
--                          smaccount.SEQ_POST.NEXTVAL,
--                          'NOTICE',
--                          '게시글 제목 ' || i,
--                          '내용 ' || i,
--                          'user' || LPAD(i, 3, '0') || '@test.com'        -- MEMBER PK
--                      );
--         END LOOP;
-- END;
--
--
-- /
-- BEGIN
--     FOR i IN 1..100 LOOP
--             INSERT INTO smaccount.BOARD_COMMENT(
--                 comment_id, post_id, writer_id, content
--             ) VALUES (
--                          smaccount.SEQ_COMMENT.NEXTVAL,
--                          MOD(i,100)+1,                                   -- 1~100 게시글
--                          'user' || LPAD(i, 3, '0') || '@test.com',       -- MEMBER PK
--                          '댓글 ' || i
--                      );
--         END LOOP;
-- END;
-- /
--
-- BEGIN
--     FOR i IN 1..100 LOOP
--             INSERT INTO smaccount.BOARD_LIKE(
--                 board_like_id, post_id, member_id
--             ) VALUES (
--                          smaccount.SEQ_BOARD_LIKE.NEXTVAL,
--                          MOD(i,100)+1,                                   -- post_id 1~100
--                          'user' || LPAD(i, 3, '0') || '@test.com'        -- member_id 100명
--                      );
--         END LOOP;
-- END;
--
-- /
--
-- BEGIN
--     FOR i IN 1..100 LOOP
--             INSERT INTO smaccount.SELLER(
--                 seller_id, biz_type, created_at
--             ) VALUES (
--                          'user' || LPAD(i, 3, '0') || '@test.com',       -- MEMBER PK
--                          '온라인',
--                          SYSTIMESTAMP - NUMTODSINTERVAL(101 - i, 'DAY')
--                      );
--         END LOOP;
-- END;
--
-- /
--
-- BEGIN
--     FOR i IN 1..100 LOOP
--             INSERT INTO smaccount.ITEM(
--                 item_id, seller_id, name, price, stock,
--                 sale_start_at, sale_end_at, sale_status
--             ) VALUES (
--                          smaccount.SEQ_ITEM.NEXTVAL,
--                          'user' || LPAD(i, 3, '0') || '@test.com',       -- SELLER FK
--                          '상품 ' || i,
--                          1000 + i*100,
--                          50 + MOD(i,20),
--                          SYSDATE - 10,
--                          SYSDATE + 10,
--                          'ON_SALE'
--                      );
--         END LOOP;
-- END;
-- /
--
-- BEGIN
--     FOR i IN 1..100 LOOP
--             INSERT INTO smaccount.ORDER_MAIN(
--                 order_id, buyer_id, total_amount, status
--             ) VALUES (
--                          smaccount.SEQ_ORDER.NEXTVAL,
--                          'user' || LPAD(i, 3, '0') || '@test.com',       -- MEMBER PK
--                          5000 + i*10,
--                          'PAID'
--                      );
--         END LOOP;
-- END;
-- /
--
-- BEGIN
--     FOR i IN 1..100 LOOP
--             INSERT INTO smaccount.ORDER_ITEM(
--                 order_item_id, order_id, item_id, qty, price
--             ) VALUES (
--                          smaccount.SEQ_ORDER_ITEM.NEXTVAL,
--                          MOD(i,100)+1,                                   -- order_id 1~100
--                          MOD(i,100)+1,                                   -- item_id 1~100
--                          1 + MOD(i,5),
--                          1000 + i*10
--                      );
--         END LOOP;
-- END;
-- /
--
-- BEGIN
--     FOR i IN 1..100 LOOP
--             INSERT INTO smaccount.SHIPMENT(
--                 shipment_id, order_id, tracking_no, carrier, status
--             ) VALUES (
--                          smaccount.SEQ_SHIPMENT.NEXTVAL,
--                          MOD(i,100)+1,                                   -- order_id 1~100
--                          'TRK' || LPAD(i,6,'0'),
--                          'CJ',
--                          'SHIPPED'
--                      );
--         END LOOP;
-- END;
--
--
-- SELECT COUNT(*) AS cnt FROM smaccount.BUDGET_GROUP;
--
-- SELECT MIN(group_id) AS min_id, MAX(group_id) AS max_id
-- FROM smaccount.BUDGET_GROUP;